model,dataset,hvg,n_distinct_held_out_conditions,all_conditions_have_3_foundation_seeds,all_conditions_have_3_turbognn_seeds,foundation_pearson_mean,turbognn_pearson_mean,delta_foundation_minus_turbognn_mean,delta_median,condition_win_rate_foundation,condition_bootstrap_ci95_low,condition_bootstrap_ci95_high,direction
gears,adamson,200,50,True,True,0.011580518297851079,0.44101733235021434,-0.4294368140523633,-0.49220376896361506,0.12,-0.5103570191576146,-0.34553630763602766,turbognn_higher
gears,adamson,500,50,True,True,0.008117307287951306,0.4454572194317976,-0.4373399121438464,-0.44706729240715504,0.08,-0.5106167337538985,-0.36166801502493534,turbognn_higher
gears,adamson,1000,50,True,True,0.023294197199866154,0.45058597892522817,-0.42729178172536203,-0.40934789149711526,0.06,-0.49679143651551566,-0.35643545674835336,turbognn_higher
gears,norman,200,50,True,True,0.013493971638381477,0.4874548045235376,-0.47396083288515606,-0.5561359765318533,0.08,-0.5562966822030333,-0.38021888642540835,turbognn_higher
gears,norman,500,50,True,True,0.004006384657695889,0.4737053450631599,-0.46969896040546394,-0.5420542693076035,0.08,-0.5543852549303944,-0.3750432029771619,turbognn_higher
gears,norman,1000,50,True,True,0.008272764089827729,0.4774416105014583,-0.4691688464116304,-0.5490235360339284,0.1,-0.5506244526215208,-0.3794264426142911,turbognn_higher
gears,replogle_k562,200,50,True,True,0.007073215742905938,0.3138798662771781,-0.3068066505342722,-0.3454123741636674,0.18,-0.38938737075853475,-0.22428439313654483,turbognn_higher
gears,replogle_k562,500,50,True,True,0.015439683652172475,0.3091503012987475,-0.293710617646575,-0.33916704915463924,0.18,-0.36960930795517444,-0.2171805939503638,turbognn_higher
gears,replogle_k562,1000,50,True,True,0.025780123276635987,0.31280511486344037,-0.28702499158680445,-0.32067786529660225,0.2,-0.3608876064037905,-0.2129532103572662,turbognn_higher
gears,replogle_rpe1,200,50,True,True,0.0047361157586177155,0.3679433967048923,-0.36320728094627464,-0.38548472709953785,0.22,-0.47637275257706646,-0.24901860526095462,turbognn_higher
gears,replogle_rpe1,500,50,True,True,0.026389901627165563,0.3536289167652527,-0.3272390151380872,-0.26980683766305447,0.22,-0.4286256594283041,-0.22556687496563735,turbognn_higher
gears,replogle_rpe1,1000,50,True,True,0.01729504394965866,0.33971105520923933,-0.32241601125958064,-0.243354517656068,0.22,-0.42388315617650124,-0.2200248438978257,turbognn_higher
geneformer,adamson,200,42,True,True,0.4125466268539192,0.4043946911595644,0.00815193569435487,0.03196552395820618,0.5952380952380952,-0.0348045307799198,0.04897565732022652,foundation_higher
geneformer,adamson,500,42,True,True,0.4113680143204947,0.4113177982942452,5.021602624938866e-05,0.0250548273324967,0.5952380952380952,-0.03999069393168957,0.03743622513000098,foundation_higher
geneformer,adamson,1000,42,True,True,0.41230360665432514,0.4158552875890146,-0.0035516809346893474,0.01920745770136517,0.5952380952380952,-0.0388692584857049,0.029132846333382135,turbognn_higher
geneformer,norman,200,26,True,True,0.370778361048836,0.4515225462114008,-0.0807441851625649,-0.09440347055594128,0.23076923076923078,-0.14503490115778572,-0.01156130062702758,turbognn_higher
geneformer,norman,500,31,True,True,0.398456275403019,0.4478143628546467,-0.04935808745162781,-0.07469967007637024,0.2903225806451613,-0.10274875872688348,0.0036962329725464048,turbognn_higher
geneformer,norman,1000,36,True,True,0.4436828170523599,0.470172849725242,-0.026490032672882073,-0.03285042444864911,0.3888888888888889,-0.07954906739846425,0.02415500484337958,turbognn_higher
geneformer,replogle_k562,200,49,True,True,0.3023784629443065,0.325266911337773,-0.022888448393466525,-0.014229327440261827,0.4489795918367347,-0.06015997679118499,0.0109824044059733,turbognn_higher
geneformer,replogle_k562,500,49,True,True,0.2927366319511618,0.31843865169275576,-0.025702019741593987,-0.007252034420768435,0.4489795918367347,-0.06105132637700688,0.006010344168044486,turbognn_higher
geneformer,replogle_k562,1000,49,True,True,0.2979180949366316,0.3206949964653523,-0.02277690152872075,-0.015704194704691532,0.3673469387755102,-0.048019376299011395,0.0009999471117875317,turbognn_higher
geneformer,replogle_rpe1,200,49,True,True,0.31736511452009486,0.3648122469356068,-0.047447132415511975,-0.019849846760432,0.3673469387755102,-0.08195833616294475,-0.01632088601595539,turbognn_higher
geneformer,replogle_rpe1,500,49,True,True,0.31204161895629096,0.3499475125806266,-0.03790589362433574,-0.011115749677022335,0.30612244897959184,-0.06713625419327393,-0.011149790811472824,turbognn_higher
geneformer,replogle_rpe1,1000,49,True,True,0.2962571335386257,0.33657083974606333,-0.040313706207437586,-0.013801872730255127,0.3469387755102041,-0.06759614021213231,-0.015701554949889583,turbognn_higher
scgpt,adamson,200,42,True,True,0.33166750076980817,0.4043946911595644,-0.07272719038975618,-0.04850024481614431,0.21428571428571427,-0.11002014250021488,-0.041242464178700054,turbognn_higher
scgpt,adamson,500,42,True,True,0.3512008445751335,0.4113177982942452,-0.06011695371911167,-0.03783188201487063,0.09523809523809523,-0.0810634310604886,-0.0409958716792365,turbognn_higher
scgpt,adamson,1000,42,True,True,0.3555019171760669,0.4158552875890146,-0.060353370412947645,-0.042939032117525755,0.07142857142857142,-0.07807468290677265,-0.044835277064333844,turbognn_higher
scgpt,norman,200,26,True,True,0.21764631402225065,0.4515225462114008,-0.2338762321891502,-0.2547816916679343,0.15384615384615385,-0.3139555808177624,-0.15094029219188293,turbognn_higher
scgpt,norman,500,31,True,True,0.2735223157271262,0.4478143628546467,-0.17429204712752056,-0.15631648401419326,0.0967741935483871,-0.2290066586707228,-0.11881915845968316,turbognn_higher
scgpt,norman,1000,36,True,True,0.28858761013382006,0.470172849725242,-0.18158523959142187,-0.16408261160055795,0.05555555555555555,-0.23059971860644446,-0.13536327292590777,turbognn_higher
scgpt,replogle_k562,200,50,True,True,0.1424540661772092,0.3138798662771781,-0.1714258000999689,-0.2018424198031426,0.2,-0.21681442087609326,-0.12593515491454552,turbognn_higher
scgpt,replogle_k562,500,50,True,True,0.25252562597393985,0.3091503012987475,-0.056624675324807576,-0.03297560786207516,0.2,-0.07910702447034418,-0.03612179390667007,turbognn_higher
scgpt,replogle_k562,1000,50,True,True,0.2152647148879866,0.31280511486344037,-0.09754039997545381,-0.09474512189626694,0.2,-0.12522141692709798,-0.07068623182868279,turbognn_higher
scgpt,replogle_rpe1,200,50,True,True,0.2227817148591081,0.3679433967048923,-0.14516168184578418,-0.15051118036111197,0.3,-0.2002580364889776,-0.0893065411883096,turbognn_higher
scgpt,replogle_rpe1,500,50,True,True,0.1952511958188067,0.3536289167652527,-0.15837772094644603,-0.13457621758182842,0.24,-0.21206008208038596,-0.10520331405188582,turbognn_higher
scgpt,replogle_rpe1,1000,50,True,True,0.1955235881668826,0.33971105520923933,-0.14418746704235674,-0.12316092957432069,0.24,-0.1917614452228105,-0.09714271524556298,turbognn_higher
